id,product_external_id,sku,size,color,stock,price,image_url
20000000-0000-4000-8000-000000000001,SM-001,SM-001-M,M,Oat,8,420,https://lh3.googleusercontent.com/aida-public/AB6AXuBRTlahnsv0f7ya3xU5YTERBeygNv3B_6MEExHsUzTI3uGv3gn9RVVaVkXFHJAQIYeO-NnQ-n51wqkjA-oml_uoLI96mxp1piJxtPHA5ofpE_9tSdHTMa8lNfjCgdbUOSRi__Y4J8VFSz5HhI5ZB9C5Vl5zl-6FxNxhAYwEDNV_XOP2dGsj5rTUtGDd1a59qGSue1hdS28wAOq4_SpG152HGpLir9kJsPtGA9trmPt5raubxkNMY1AI1cI7Qs5-pnKuSFT_JrLZrEaz
20000000-0000-4000-8000-000000000002,SM-001,SM-001-L,L,Oat,7,420,https://lh3.googleusercontent.com/aida-public/AB6AXuBRTlahnsv0f7ya3xU5YTERBeygNv3B_6MEExHsUzTI3uGv3gn9RVVaVkXFHJAQIYeO-NnQ-n51wqkjA-oml_uoLI96mxp1piJxtPHA5ofpE_9tSdHTMa8lNfjCgdbUOSRi__Y4J8VFSz5HhI5ZB9C5Vl5zl-6FxNxhAYwEDNV_XOP2dGsj5rTUtGDd1a59qGSue1hdS28wAOq4_SpG152HGpLir9kJsPtGA9trmPt5raubxkNMY1AI1cI7Qs5-pnKuSFT_JrLZrEaz
20000000-0000-4000-8000-000000000003,SM-002,SM-002-M,M,Charcoal,5,1250,https://lh3.googleusercontent.com/aida-public/AB6AXuA004mNLReNQb9OI2U6JwpX4idr5HiAL2OAqj-X2r60qRDaMIYLE7YAWWdvJ6_uvkh1jgDweWN2QRC0Z6CnAXNS54x6M_Qkf8uPtTr4G6Cl5-Y5z8iuGvbIv1u_DCawCRbkf01JSFMi_iZ2APFb_m56yIPq8-_Ap7HY-QbhgAL2tc-tsE4VsnyibszwQjgYBz28AGgGUIIQ7EDmY1bXGdkXyNQI991VG2ouIlVK-wOCqK_Lq8GNj4h27eldl1LjnR6Wt903BlKnHCVn
20000000-0000-4000-8000-000000000004,SM-002,SM-002-L,L,Charcoal,4,1250,https://lh3.googleusercontent.com/aida-public/AB6AXuA004mNLReNQb9OI2U6JwpX4idr5HiAL2OAqj-X2r60qRDaMIYLE7YAWWdvJ6_uvkh1jgDweWN2QRC0Z6CnAXNS54x6M_Qkf8uPtTr4G6Cl5-Y5z8iuGvbIv1u_DCawCRbkf01JSFMi_iZ2APFb_m56yIPq8-_Ap7HY-QbhgAL2tc-tsE4VsnyibszwQjgYBz28AGgGUIIQ7EDmY1bXGdkXyNQI991VG2ouIlVK-wOCqK_Lq8GNj4h27eldl1LjnR6Wt903BlKnHCVn
20000000-0000-4000-8000-000000000005,SM-003,SM-003-M,M,Olive,8,380,https://lh3.googleusercontent.com/aida-public/AB6AXuBXRSWOWcHtCNyaMDYLCJzvRD_aYObkVBkIHPoz_HZOOuihWxPKo82MAX7anUmfBqHwOgx_6YthGokOn-aqEtAkMya3di9RNTlqqA2-zqT6x85Yh0CGWy5_gOTjOOMYxnRJ7B8A9ihZaMR-PzIAILb7T5rSMUCiZ-3CZRTX_u3XxJpOlXlYjWEZj4aFLaV_mamuWkKjkhTxSRpw7LyICx9lPITcKUuGOxJ0NkpKweDI4rMjqFkSSGZJssErigmmpbKq5Z6kLPVUehXg
20000000-0000-4000-8000-000000000006,SM-003,SM-003-L,L,Olive,8,380,https://lh3.googleusercontent.com/aida-public/AB6AXuBXRSWOWcHtCNyaMDYLCJzvRD_aYObkVBkIHPoz_HZOOuihWxPKo82MAX7anUmfBqHwOgx_6YthGokOn-aqEtAkMya3di9RNTlqqA2-zqT6x85Yh0CGWy5_gOTjOOMYxnRJ7B8A9ihZaMR-PzIAILb7T5rSMUCiZ-3CZRTX_u3XxJpOlXlYjWEZj4aFLaV_mamuWkKjkhTxSRpw7LyICx9lPITcKUuGOxJ0NkpKweDI4rMjqFkSSGZJssErigmmpbKq5Z6kLPVUehXg
20000000-0000-4000-8000-000000000007,SM-004,SM-004-M,M,Forest,9,290,https://lh3.googleusercontent.com/aida-public/AB6AXuDBowt2AR0QGkZ_teHLK0qG2iUl8fGSUuNTrZHreU_s95xtmrbnCTB8LYOShnHaraaNDqoUnziBnVe2Rh6OAlJpU9ZSpF84L0-k23aokXc6aJdWswRdyGowycFswnENPgO9tfnUyUaMa2VjW8lGJYkmhPbnJhSE0zC0BdoSTdae8pmGnQwaAXzVlJJRhWYysiO1yf2n_lREj8nVxarkGub1OLnfLI4QrhAiAGV-AZTWnZg1MCqdpNi1pBSjb6RIPFAzXw0h_iTQCqrp
20000000-0000-4000-8000-000000000008,SM-004,SM-004-L,L,Forest,9,290,https://lh3.googleusercontent.com/aida-public/AB6AXuDBowt2AR0QGkZ_teHLK0qG2iUl8fGSUuNTrZHreU_s95xtmrbnCTB8LYOShnHaraaNDqoUnziBnVe2Rh6OAlJpU9ZSpF84L0-k23aokXc6aJdWswRdyGowycFswnENPgO9tfnUyUaMa2VjW8lGJYkmhPbnJhSE0zC0BdoSTdae8pmGnQwaAXzVlJJRhWYysiO1yf2n_lREj8nVxarkGub1OLnfLI4QrhAiAGV-AZTWnZg1MCqdpNi1pBSjb6RIPFAzXw0h_iTQCqrp
20000000-0000-4000-8000-000000000009,SM-005,SM-005-L,L,Black,3,1890,https://lh3.googleusercontent.com/aida-public/AB6AXuDb4HgZThk-i_juM7LnHT28IvYp6L3O-BYlcwDKgfj8NoIfTFFhOF2Ole0eBVsqpYg3jj_0TeLOFVAlmWeCOqcLhMrp0WOXtTgYUke-t7sj7lC-e4jEl3lE8aZs01lCVJenptBJf3Fh0f1sdTVQ9W0cWZD8hEtVjX-LK-Bsqoc2UzdzkTUWeVjp7hrhjMGZhuTtvQ56nTXVelw9_F3p1d8ryVxqAzayeUimjbfSI8FHukDr7r45A4VjAJ3lpymfXulGrEM83TxdK6Sj
20000000-0000-4000-8000-000000000010,SM-005,SM-005-XL,XL,Black,3,1890,https://lh3.googleusercontent.com/aida-public/AB6AXuDb4HgZThk-i_juM7LnHT28IvYp6L3O-BYlcwDKgfj8NoIfTFFhOF2Ole0eBVsqpYg3jj_0TeLOFVAlmWeCOqcLhMrp0WOXtTgYUke-t7sj7lC-e4jEl3lE8aZs01lCVJenptBJf3Fh0f1sdTVQ9W0cWZD8hEtVjX-LK-Bsqoc2UzdzkTUWeVjp7hrhjMGZhuTtvQ56nTXVelw9_F3p1d8ryVxqAzayeUimjbfSI8FHukDr7r45A4VjAJ3lpymfXulGrEM83TxdK6Sj
20000000-0000-4000-8000-000000000011,SM-006,SM-006-S,S,Khaki,7,340,https://lh3.googleusercontent.com/aida-public/AB6AXuBRTlahnsv0f7ya3xU5YTERBeygNv3B_6MEExHsUzTI3uGv3gn9RVVaVkXFHJAQIYeO-NnQ-n51wqkjA-oml_uoLI96mxp1piJxtPHA5ofpE_9tSdHTMa8lNfjCgdbUOSRi__Y4J8VFSz5HhI5ZB9C5Vl5zl-6FxNxhAYwEDNV_XOP2dGsj5rTUtGDd1a59qGSue1hdS28wAOq4_SpG152HGpLir9kJsPtGA9trmPt5raubxkNMY1AI1cI7Qs5-pnKuSFT_JrLZrEaz
20000000-0000-4000-8000-000000000012,SM-006,SM-006-M,M,Khaki,7,340,https://lh3.googleusercontent.com/aida-public/AB6AXuBRTlahnsv0f7ya3xU5YTERBeygNv3B_6MEExHsUzTI3uGv3gn9RVVaVkXFHJAQIYeO-NnQ-n51wqkjA-oml_uoLI96mxp1piJxtPHA5ofpE_9tSdHTMa8lNfjCgdbUOSRi__Y4J8VFSz5HhI5ZB9C5Vl5zl-6FxNxhAYwEDNV_XOP2dGsj5rTUtGDd1a59qGSue1hdS28wAOq4_SpG152HGpLir9kJsPtGA9trmPt5raubxkNMY1AI1cI7Qs5-pnKuSFT_JrLZrEaz
20000000-0000-4000-8000-000000000013,SM-007,SM-007-M,M,Stone,6,360,https://lh3.googleusercontent.com/aida-public/AB6AXuA004mNLReNQb9OI2U6JwpX4idr5HiAL2OAqj-X2r60qRDaMIYLE7YAWWdvJ6_uvkh1jgDweWN2QRC0Z6CnAXNS54x6M_Qkf8uPtTr4G6Cl5-Y5z8iuGvbIv1u_DCawCRbkf01JSFMi_iZ2APFb_m56yIPq8-_Ap7HY-QbhgAL2tc-tsE4VsnyibszwQjgYBz28AGgGUIIQ7EDmY1bXGdkXyNQI991VG2ouIlVK-wOCqK_Lq8GNj4h27eldl1LjnR6Wt903BlKnHCVn
20000000-0000-4000-8000-000000000014,SM-007,SM-007-L,L,Stone,6,360,https://lh3.googleusercontent.com/aida-public/AB6AXuA004mNLReNQb9OI2U6JwpX4idr5HiAL2OAqj-X2r60qRDaMIYLE7YAWWdvJ6_uvkh1jgDweWN2QRC0Z6CnAXNS54x6M_Qkf8uPtTr4G6Cl5-Y5z8iuGvbIv1u_DCawCRbkf01JSFMi_iZ2APFb_m56yIPq8-_Ap7HY-QbhgAL2tc-tsE4VsnyibszwQjgYBz28AGgGUIIQ7EDmY1bXGdkXyNQI991VG2ouIlVK-wOCqK_Lq8GNj4h27eldl1LjnR6Wt903BlKnHCVn
20000000-0000-4000-8000-000000000015,SM-008,SM-008-M,M,Graphite,6,410,https://lh3.googleusercontent.com/aida-public/AB6AXuBXRSWOWcHtCNyaMDYLCJzvRD_aYObkVBkIHPoz_HZOOuihWxPKo82MAX7anUmfBqHwOgx_6YthGokOn-aqEtAkMya3di9RNTlqqA2-zqT6x85Yh0CGWy5_gOTjOOMYxnRJ7B8A9ihZaMR-PzIAILb7T5rSMUCiZ-3CZRTX_u3XxJpOlXlYjWEZj4aFLaV_mamuWkKjkhTxSRpw7LyICx9lPITcKUuGOxJ0NkpKweDI4rMjqFkSSGZJssErigmmpbKq5Z6kLPVUehXg
20000000-0000-4000-8000-000000000016,SM-008,SM-008-L,L,Graphite,5,410,https://lh3.googleusercontent.com/aida-public/AB6AXuBXRSWOWcHtCNyaMDYLCJzvRD_aYObkVBkIHPoz_HZOOuihWxPKo82MAX7anUmfBqHwOgx_6YthGokOn-aqEtAkMya3di9RNTlqqA2-zqT6x85Yh0CGWy5_gOTjOOMYxnRJ7B8A9ihZaMR-PzIAILb7T5rSMUCiZ-3CZRTX_u3XxJpOlXlYjWEZj4aFLaV_mamuWkKjkhTxSRpw7LyICx9lPITcKUuGOxJ0NkpKweDI4rMjqFkSSGZJssErigmmpbKq5Z6kLPVUehXg
20000000-0000-4000-8000-000000000017,SM-009,SM-009-S,S,Sand,9,250,https://lh3.googleusercontent.com/aida-public/AB6AXuDBowt2AR0QGkZ_teHLK0qG2iUl8fGSUuNTrZHreU_s95xtmrbnCTB8LYOShnHaraaNDqoUnziBnVe2Rh6OAlJpU9ZSpF84L0-k23aokXc6aJdWswRdyGowycFswnENPgO9tfnUyUaMa2VjW8lGJYkmhPbnJhSE0zC0BdoSTdae8pmGnQwaAXzVlJJRhWYysiO1yf2n_lREj8nVxarkGub1OLnfLI4QrhAiAGV-AZTWnZg1MCqdpNi1pBSjb6RIPFAzXw0h_iTQCqrp
20000000-0000-4000-8000-000000000018,SM-009,SM-009-M,M,Sand,8,250,https://lh3.googleusercontent.com/aida-public/AB6AXuDBowt2AR0QGkZ_teHLK0qG2iUl8fGSUuNTrZHreU_s95xtmrbnCTB8LYOShnHaraaNDqoUnziBnVe2Rh6OAlJpU9ZSpF84L0-k23aokXc6aJdWswRdyGowycFswnENPgO9tfnUyUaMa2VjW8lGJYkmhPbnJhSE0zC0BdoSTdae8pmGnQwaAXzVlJJRhWYysiO1yf2n_lREj8nVxarkGub1OLnfLI4QrhAiAGV-AZTWnZg1MCqdpNi1pBSjb6RIPFAzXw0h_iTQCqrp
20000000-0000-4000-8000-000000000019,SM-010,SM-010-M,M,White,10,280,https://lh3.googleusercontent.com/aida-public/AB6AXuDb4HgZThk-i_juM7LnHT28IvYp6L3O-BYlcwDKgfj8NoIfTFFhOF2Ole0eBVsqpYg3jj_0TeLOFVAlmWeCOqcLhMrp0WOXtTgYUke-t7sj7lC-e4jEl3lE8aZs01lCVJenptBJf3Fh0f1sdTVQ9W0cWZD8hEtVjX-LK-Bsqoc2UzdzkTUWeVjp7hrhjMGZhuTtvQ56nTXVelw9_F3p1d8ryVxqAzayeUimjbfSI8FHukDr7r45A4VjAJ3lpymfXulGrEM83TxdK6Sj
20000000-0000-4000-8000-000000000020,SM-010,SM-010-L,L,White,10,280,https://lh3.googleusercontent.com/aida-public/AB6AXuDb4HgZThk-i_juM7LnHT28IvYp6L3O-BYlcwDKgfj8NoIfTFFhOF2Ole0eBVsqpYg3jj_0TeLOFVAlmWeCOqcLhMrp0WOXtTgYUke-t7sj7lC-e4jEl3lE8aZs01lCVJenptBJf3Fh0f1sdTVQ9W0cWZD8hEtVjX-LK-Bsqoc2UzdzkTUWeVjp7hrhjMGZhuTtvQ56nTXVelw9_F3p1d8ryVxqAzayeUimjbfSI8FHukDr7r45A4VjAJ3lpymfXulGrEM83TxdK6Sj
20000000-0000-4000-8000-000000000021,SM-011,SM-011-L,L,Moss,4,980,https://lh3.googleusercontent.com/aida-public/AB6AXuBRTlahnsv0f7ya3xU5YTERBeygNv3B_6MEExHsUzTI3uGv3gn9RVVaVkXFHJAQIYeO-NnQ-n51wqkjA-oml_uoLI96mxp1piJxtPHA5ofpE_9tSdHTMa8lNfjCgdbUOSRi__Y4J8VFSz5HhI5ZB9C5Vl5zl-6FxNxhAYwEDNV_XOP2dGsj5rTUtGDd1a59qGSue1hdS28wAOq4_SpG152HGpLir9kJsPtGA9trmPt5raubxkNMY1AI1cI7Qs5-pnKuSFT_JrLZrEaz
20000000-0000-4000-8000-000000000022,SM-011,SM-011-XL,XL,Moss,4,980,https://lh3.googleusercontent.com/aida-public/AB6AXuBRTlahnsv0f7ya3xU5YTERBeygNv3B_6MEExHsUzTI3uGv3gn9RVVaVkXFHJAQIYeO-NnQ-n51wqkjA-oml_uoLI96mxp1piJxtPHA5ofpE_9tSdHTMa8lNfjCgdbUOSRi__Y4J8VFSz5HhI5ZB9C5Vl5zl-6FxNxhAYwEDNV_XOP2dGsj5rTUtGDd1a59qGSue1hdS28wAOq4_SpG152HGpLir9kJsPtGA9trmPt5raubxkNMY1AI1cI7Qs5-pnKuSFT_JrLZrEaz
20000000-0000-4000-8000-000000000023,SM-012,SM-012-M,M,Slate,7,390,https://lh3.googleusercontent.com/aida-public/AB6AXuA004mNLReNQb9OI2U6JwpX4idr5HiAL2OAqj-X2r60qRDaMIYLE7YAWWdvJ6_uvkh1jgDweWN2QRC0Z6CnAXNS54x6M_Qkf8uPtTr4G6Cl5-Y5z8iuGvbIv1u_DCawCRbkf01JSFMi_iZ2APFb_m56yIPq8-_Ap7HY-QbhgAL2tc-tsE4VsnyibszwQjgYBz28AGgGUIIQ7EDmY1bXGdkXyNQI991VG2ouIlVK-wOCqK_Lq8GNj4h27eldl1LjnR6Wt903BlKnHCVn
20000000-0000-4000-8000-000000000024,SM-012,SM-012-L,L,Slate,6,390,https://lh3.googleusercontent.com/aida-public/AB6AXuA004mNLReNQb9OI2U6JwpX4idr5HiAL2OAqj-X2r60qRDaMIYLE7YAWWdvJ6_uvkh1jgDweWN2QRC0Z6CnAXNS54x6M_Qkf8uPtTr4G6Cl5-Y5z8iuGvbIv1u_DCawCRbkf01JSFMi_iZ2APFb_m56yIPq8-_Ap7HY-QbhgAL2tc-tsE4VsnyibszwQjgYBz28AGgGUIIQ7EDmY1bXGdkXyNQI991VG2ouIlVK-wOCqK_Lq8GNj4h27eldl1LjnR6Wt903BlKnHCVn
20000000-0000-4000-8000-000000000025,AW-001,AW-001-S,S,Cream,5,340,https://lh3.googleusercontent.com/aida-public/AB6AXuA2sL_3eVTxv8pTPhQFFFpSQH6Kaq9or00Ox__PprWsxnH4iFcdyvkF6yE_uLy_crNRWln5sUDsqQmSo-iayh_0MyCYYTR20XSGjWAB-uNe6duE69pSu714RVSt74tQMEIF3fuTduw02xllANi1JDAtn12UeUh9ljLf8hz3xi6jPfnSdYWCX7w9y3IwSDyovmYmtsxb0x9P-3bKU5qLNiMw7cc4_t2zNEpT8QLPRQLTFIXGR2WRSQbgpFitN5ZgjO-BIsY_4Wyg7jRS
20000000-0000-4000-8000-000000000026,AW-001,AW-001-M,M,Cream,5,340,https://lh3.googleusercontent.com/aida-public/AB6AXuA2sL_3eVTxv8pTPhQFFFpSQH6Kaq9or00Ox__PprWsxnH4iFcdyvkF6yE_uLy_crNRWln5sUDsqQmSo-iayh_0MyCYYTR20XSGjWAB-uNe6duE69pSu714RVSt74tQMEIF3fuTduw02xllANi1JDAtn12UeUh9ljLf8hz3xi6jPfnSdYWCX7w9y3IwSDyovmYmtsxb0x9P-3bKU5qLNiMw7cc4_t2zNEpT8QLPRQLTFIXGR2WRSQbgpFitN5ZgjO-BIsY_4Wyg7jRS
20000000-0000-4000-8000-000000000027,AW-002,AW-002-M,M,Forest,4,1250,https://lh3.googleusercontent.com/aida-public/AB6AXuBmKXEwtGPg000dRd0DYpkc78_z_0z7Q60H3fju2rnkDAllnKGSFzesSqKvn2OqncI_k-QRIvUyfVSm75I-UKw3DhxiM5eOINn4C-vJnvj2z8uKIL2AqGnXgvmqeYEEzJ5-il3zT3BTGt9iPabLxhcPbK9AwTzCM3Z9Fo3vrhfReTlHCTZ3EIgs7_JxhOFfmrNerCamtXr0QKPKlok1p5W71S8CFoXMlgrk9yrqe55hyi8oG24OwLIfOD6sAGZDuAtdrYmvQ0QD-hzg
20000000-0000-4000-8000-000000000028,AW-002,AW-002-L,L,Forest,3,1250,https://lh3.googleusercontent.com/aida-public/AB6AXuBmKXEwtGPg000dRd0DYpkc78_z_0z7Q60H3fju2rnkDAllnKGSFzesSqKvn2OqncI_k-QRIvUyfVSm75I-UKw3DhxiM5eOINn4C-vJnvj2z8uKIL2AqGnXgvmqeYEEzJ5-il3zT3BTGt9iPabLxhcPbK9AwTzCM3Z9Fo3vrhfReTlHCTZ3EIgs7_JxhOFfmrNerCamtXr0QKPKlok1p5W71S8CFoXMlgrk9yrqe55hyi8oG24OwLIfOD6sAGZDuAtdrYmvQ0QD-hzg
20000000-0000-4000-8000-000000000029,AW-003,AW-003-M,M,Stone,7,280,https://lh3.googleusercontent.com/aida-public/AB6AXuBEKFEZ7Xk7Fyqc9Uf8Rr7JfhPIghhY7j0HO6bqSglckdRAUU1XFK1Vy_uPXAbpLqczXmCH41FFfT4QIgBtt7oBHhaEojRqYoMhEeW0zN9yDlgFxnnAhZfa_FjmfnZNakXUp-HAT6D2gb_BUeHA5TXBmMVsObd_AHQfOwPuMZTKrAqSkXnJe60KUnlOWajJ6btQ5zyNadwls33tVZNcDlHyJ8_EUlUAhHRtQ90ZhEzMNN5Mzjf_Hr7Onn7MZF-hkz45XkPrdm6pngSw
20000000-0000-4000-8000-000000000030,AW-003,AW-003-L,L,Stone,7,280,https://lh3.googleusercontent.com/aida-public/AB6AXuBEKFEZ7Xk7Fyqc9Uf8Rr7JfhPIghhY7j0HO6bqSglckdRAUU1XFK1Vy_uPXAbpLqczXmCH41FFfT4QIgBtt7oBHhaEojRqYoMhEeW0zN9yDlgFxnnAhZfa_FjmfnZNakXUp-HAT6D2gb_BUeHA5TXBmMVsObd_AHQfOwPuMZTKrAqSkXnJe60KUnlOWajJ6btQ5zyNadwls33tVZNcDlHyJ8_EUlUAhHRtQ90ZhEzMNN5Mzjf_Hr7Onn7MZF-hkz45XkPrdm6pngSw
20000000-0000-4000-8000-000000000031,AW-004,AW-004-S,S,Charcoal,6,490,https://lh3.googleusercontent.com/aida-public/AB6AXuAULIeOGtZd7vXZH0gSJHWiv3w1w4d6Tz7E7Y55Pp0wpbrudgRPkQEUxLNJ7z1iX2ofjNS4KSwbIFdzRgJR2rZEzslEi02TskRTUycOtweLNiBcTRv0RAiCUncTPXaXvHGzovAfwglQIxRlDavgkG0kp9z1__77ZtFulQa4AVlvR_muVhFSILTRpDDYMIgzrzsCEPjKJNyVc0k_NtV_qrK021aTU5RlI_Mg4TBu8JIzJLGkLHTEGfvWBezAYGbi6wNp_bgFRdeYEwST
20000000-0000-4000-8000-000000000032,AW-004,AW-004-M,M,Charcoal,6,490,https://lh3.googleusercontent.com/aida-public/AB6AXuAULIeOGtZd7vXZH0gSJHWiv3w1w4d6Tz7E7Y55Pp0wpbrudgRPkQEUxLNJ7z1iX2ofjNS4KSwbIFdzRgJR2rZEzslEi02TskRTUycOtweLNiBcTRv0RAiCUncTPXaXvHGzovAfwglQIxRlDavgkG0kp9z1__77ZtFulQa4AVlvR_muVhFSILTRpDDYMIgzrzsCEPjKJNyVc0k_NtV_qrK021aTU5RlI_Mg4TBu8JIzJLGkLHTEGfvWBezAYGbi6wNp_bgFRdeYEwST
20000000-0000-4000-8000-000000000033,AW-005,AW-005-M,M,Charcoal,8,320,https://lh3.googleusercontent.com/aida-public/AB6AXuAaOoy5mPR6kERrz2pjB05mC0JlxtRtsf2hinDbaZYFD7RKSJI_OTZn_SVo1D7JP85uSvsIZaQ5ebu77UNrwEjYJZhP6gfcKLOHkl-z5NFjTzCwUsmsvv1WbILS5HtKtmz6D5YPmeIASNcfDev_nsQcB5Odi4O5svKDuTAkJyHAlgm2j2VUKiwX_XzxOMsMjnnzRdyJcj-olztbGq4uYqe6FRhYp04lXvSqa4dkOjD9RZ1tB8UYpCw_Jj4C-Vwk4eokTl5ETem6rnWz
20000000-0000-4000-8000-000000000034,AW-005,AW-005-L,L,Charcoal,8,320,https://lh3.googleusercontent.com/aida-public/AB6AXuAaOoy5mPR6kERrz2pjB05mC0JlxtRtsf2hinDbaZYFD7RKSJI_OTZn_SVo1D7JP85uSvsIZaQ5ebu77UNrwEjYJZhP6gfcKLOHkl-z5NFjTzCwUsmsvv1WbILS5HtKtmz6D5YPmeIASNcfDev_nsQcB5Odi4O5svKDuTAkJyHAlgm2j2VUKiwX_XzxOMsMjnnzRdyJcj-olztbGq4uYqe6FRhYp04lXvSqa4dkOjD9RZ1tB8UYpCw_Jj4C-Vwk4eokTl5ETem6rnWz
20000000-0000-4000-8000-000000000035,AW-006,AW-006-M,M,Forest,5,850,https://lh3.googleusercontent.com/aida-public/AB6AXuA2sL_3eVTxv8pTPhQFFFpSQH6Kaq9or00Ox__PprWsxnH4iFcdyvkF6yE_uLy_crNRWln5sUDsqQmSo-iayh_0MyCYYTR20XSGjWAB-uNe6duE69pSu714RVSt74tQMEIF3fuTduw02xllANi1JDAtn12UeUh9ljLf8hz3xi6jPfnSdYWCX7w9y3IwSDyovmYmtsxb0x9P-3bKU5qLNiMw7cc4_t2zNEpT8QLPRQLTFIXGR2WRSQbgpFitN5ZgjO-BIsY_4Wyg7jRS
20000000-0000-4000-8000-000000000036,AW-006,AW-006-L,L,Forest,4,850,https://lh3.googleusercontent.com/aida-public/AB6AXuA2sL_3eVTxv8pTPhQFFFpSQH6Kaq9or00Ox__PprWsxnH4iFcdyvkF6yE_uLy_crNRWln5sUDsqQmSo-iayh_0MyCYYTR20XSGjWAB-uNe6duE69pSu714RVSt74tQMEIF3fuTduw02xllANi1JDAtn12UeUh9ljLf8hz3xi6jPfnSdYWCX7w9y3IwSDyovmYmtsxb0x9P-3bKU5qLNiMw7cc4_t2zNEpT8QLPRQLTFIXGR2WRSQbgpFitN5ZgjO-BIsY_4Wyg7jRS
20000000-0000-4000-8000-000000000037,AW-007,AW-007-S,S,Cream,6,410,https://lh3.googleusercontent.com/aida-public/AB6AXuBmKXEwtGPg000dRd0DYpkc78_z_0z7Q60H3fju2rnkDAllnKGSFzesSqKvn2OqncI_k-QRIvUyfVSm75I-UKw3DhxiM5eOINn4C-vJnvj2z8uKIL2AqGnXgvmqeYEEzJ5-il3zT3BTGt9iPabLxhcPbK9AwTzCM3Z9Fo3vrhfReTlHCTZ3EIgs7_JxhOFfmrNerCamtXr0QKPKlok1p5W71S8CFoXMlgrk9yrqe55hyi8oG24OwLIfOD6sAGZDuAtdrYmvQ0QD-hzg
20000000-0000-4000-8000-000000000038,AW-007,AW-007-M,M,Cream,5,410,https://lh3.googleusercontent.com/aida-public/AB6AXuBmKXEwtGPg000dRd0DYpkc78_z_0z7Q60H3fju2rnkDAllnKGSFzesSqKvn2OqncI_k-QRIvUyfVSm75I-UKw3DhxiM5eOINn4C-vJnvj2z8uKIL2AqGnXgvmqeYEEzJ5-il3zT3BTGt9iPabLxhcPbK9AwTzCM3Z9Fo3vrhfReTlHCTZ3EIgs7_JxhOFfmrNerCamtXr0QKPKlok1p5W71S8CFoXMlgrk9yrqe55hyi8oG24OwLIfOD6sAGZDuAtdrYmvQ0QD-hzg
20000000-0000-4000-8000-000000000039,AW-008,AW-008-S,S,Stone,8,295,https://lh3.googleusercontent.com/aida-public/AB6AXuBEKFEZ7Xk7Fyqc9Uf8Rr7JfhPIghhY7j0HO6bqSglckdRAUU1XFK1Vy_uPXAbpLqczXmCH41FFfT4QIgBtt7oBHhaEojRqYoMhEeW0zN9yDlgFxnnAhZfa_FjmfnZNakXUp-HAT6D2gb_BUeHA5TXBmMVsObd_AHQfOwPuMZTKrAqSkXnJe60KUnlOWajJ6btQ5zyNadwls33tVZNcDlHyJ8_EUlUAhHRtQ90ZhEzMNN5Mzjf_Hr7Onn7MZF-hkz45XkPrdm6pngSw
20000000-0000-4000-8000-000000000040,AW-008,AW-008-M,M,Stone,7,295,https://lh3.googleusercontent.com/aida-public/AB6AXuBEKFEZ7Xk7Fyqc9Uf8Rr7JfhPIghhY7j0HO6bqSglckdRAUU1XFK1Vy_uPXAbpLqczXmCH41FFfT4QIgBtt7oBHhaEojRqYoMhEeW0zN9yDlgFxnnAhZfa_FjmfnZNakXUp-HAT6D2gb_BUeHA5TXBmMVsObd_AHQfOwPuMZTKrAqSkXnJe60KUnlOWajJ6btQ5zyNadwls33tVZNcDlHyJ8_EUlUAhHRtQ90ZhEzMNN5Mzjf_Hr7Onn7MZF-hkz45XkPrdm6pngSw
20000000-0000-4000-8000-000000000041,AW-009,AW-009-M,M,Forest,3,1180,https://lh3.googleusercontent.com/aida-public/AB6AXuAULIeOGtZd7vXZH0gSJHWiv3w1w4d6Tz7E7Y55Pp0wpbrudgRPkQEUxLNJ7z1iX2ofjNS4KSwbIFdzRgJR2rZEzslEi02TskRTUycOtweLNiBcTRv0RAiCUncTPXaXvHGzovAfwglQIxRlDavgkG0kp9z1__77ZtFulQa4AVlvR_muVhFSILTRpDDYMIgzrzsCEPjKJNyVc0k_NtV_qrK021aTU5RlI_Mg4TBu8JIzJLGkLHTEGfvWBezAYGbi6wNp_bgFRdeYEwST
20000000-0000-4000-8000-000000000042,AW-009,AW-009-L,L,Forest,3,1180,https://lh3.googleusercontent.com/aida-public/AB6AXuAULIeOGtZd7vXZH0gSJHWiv3w1w4d6Tz7E7Y55Pp0wpbrudgRPkQEUxLNJ7z1iX2ofjNS4KSwbIFdzRgJR2rZEzslEi02TskRTUycOtweLNiBcTRv0RAiCUncTPXaXvHGzovAfwglQIxRlDavgkG0kp9z1__77ZtFulQa4AVlvR_muVhFSILTRpDDYMIgzrzsCEPjKJNyVc0k_NtV_qrK021aTU5RlI_Mg4TBu8JIzJLGkLHTEGfvWBezAYGbi6wNp_bgFRdeYEwST
20000000-0000-4000-8000-000000000043,AW-010,AW-010-M,M,Charcoal,7,365,https://lh3.googleusercontent.com/aida-public/AB6AXuAaOoy5mPR6kERrz2pjB05mC0JlxtRtsf2hinDbaZYFD7RKSJI_OTZn_SVo1D7JP85uSvsIZaQ5ebu77UNrwEjYJZhP6gfcKLOHkl-z5NFjTzCwUsmsvv1WbILS5HtKtmz6D5YPmeIASNcfDev_nsQcB5Odi4O5svKDuTAkJyHAlgm2j2VUKiwX_XzxOMsMjnnzRdyJcj-olztbGq4uYqe6FRhYp04lXvSqa4dkOjD9RZ1tB8UYpCw_Jj4C-Vwk4eokTl5ETem6rnWz
20000000-0000-4000-8000-000000000044,AW-010,AW-010-L,L,Charcoal,6,365,https://lh3.googleusercontent.com/aida-public/AB6AXuAaOoy5mPR6kERrz2pjB05mC0JlxtRtsf2hinDbaZYFD7RKSJI_OTZn_SVo1D7JP85uSvsIZaQ5ebu77UNrwEjYJZhP6gfcKLOHkl-z5NFjTzCwUsmsvv1WbILS5HtKtmz6D5YPmeIASNcfDev_nsQcB5Odi4O5svKDuTAkJyHAlgm2j2VUKiwX_XzxOMsMjnnzRdyJcj-olztbGq4uYqe6FRhYp04lXvSqa4dkOjD9RZ1tB8UYpCw_Jj4C-Vwk4eokTl5ETem6rnWz
20000000-0000-4000-8000-000000000045,AW-011,AW-011-XS,XS,Cream,9,180,https://lh3.googleusercontent.com/aida-public/AB6AXuA2sL_3eVTxv8pTPhQFFFpSQH6Kaq9or00Ox__PprWsxnH4iFcdyvkF6yE_uLy_crNRWln5sUDsqQmSo-iayh_0MyCYYTR20XSGjWAB-uNe6duE69pSu714RVSt74tQMEIF3fuTduw02xllANi1JDAtn12UeUh9ljLf8hz3xi6jPfnSdYWCX7w9y3IwSDyovmYmtsxb0x9P-3bKU5qLNiMw7cc4_t2zNEpT8QLPRQLTFIXGR2WRSQbgpFitN5ZgjO-BIsY_4Wyg7jRS
20000000-0000-4000-8000-000000000046,AW-011,AW-011-S,S,Cream,9,180,https://lh3.googleusercontent.com/aida-public/AB6AXuA2sL_3eVTxv8pTPhQFFFpSQH6Kaq9or00Ox__PprWsxnH4iFcdyvkF6yE_uLy_crNRWln5sUDsqQmSo-iayh_0MyCYYTR20XSGjWAB-uNe6duE69pSu714RVSt74tQMEIF3fuTduw02xllANi1JDAtn12UeUh9ljLf8hz3xi6jPfnSdYWCX7w9y3IwSDyovmYmtsxb0x9P-3bKU5qLNiMw7cc4_t2zNEpT8QLPRQLTFIXGR2WRSQbgpFitN5ZgjO-BIsY_4Wyg7jRS
20000000-0000-4000-8000-000000000047,AW-012,AW-012-S,S,Stone,5,430,https://lh3.googleusercontent.com/aida-public/AB6AXuBmKXEwtGPg000dRd0DYpkc78_z_0z7Q60H3fju2rnkDAllnKGSFzesSqKvn2OqncI_k-QRIvUyfVSm75I-UKw3DhxiM5eOINn4C-vJnvj2z8uKIL2AqGnXgvmqeYEEzJ5-il3zT3BTGt9iPabLxhcPbK9AwTzCM3Z9Fo3vrhfReTlHCTZ3EIgs7_JxhOFfmrNerCamtXr0QKPKlok1p5W71S8CFoXMlgrk9yrqe55hyi8oG24OwLIfOD6sAGZDuAtdrYmvQ0QD-hzg
20000000-0000-4000-8000-000000000048,AW-012,AW-012-M,M,Stone,5,430,https://lh3.googleusercontent.com/aida-public/AB6AXuBmKXEwtGPg000dRd0DYpkc78_z_0z7Q60H3fju2rnkDAllnKGSFzesSqKvn2OqncI_k-QRIvUyfVSm75I-UKw3DhxiM5eOINn4C-vJnvj2z8uKIL2AqGnXgvmqeYEEzJ5-il3zT3BTGt9iPabLxhcPbK9AwTzCM3Z9Fo3vrhfReTlHCTZ3EIgs7_JxhOFfmrNerCamtXr0QKPKlok1p5W71S8CFoXMlgrk9yrqe55hyi8oG24OwLIfOD6sAGZDuAtdrYmvQ0QD-hzg
20000000-0000-4000-8000-000000000049,FW-001,FW-001-40,40,Chalk,9,340,https://lh3.googleusercontent.com/aida-public/AB6AXuAMYKBjYQhfEPiX1rrzGJqP-bZ3N-za3aIYrq4ZJ7iHUOBBELUJUpvBk3Ms1bHaAXBuEZwTIczKGpjLz2AbAXSyAma0h_FRPa4MA_RgE9EO-SCavieX4XPDLcnuloZs8tAGD5FGHlcBtSszlVWYz-FA-hca0gi-xkAC4k_vrZmULdCAPQNXUhSbE3wrhj8_XgthXU6Aso4ltg4ME3nEgOsgEaBDUB6hKvQ_Ere_31vsZ98zkTq0zGrgjNqUJHCDPBUQPmqG9Q702KKw
20000000-0000-4000-8000-000000000050,FW-001,FW-001-41,41,Chalk,9,340,https://lh3.googleusercontent.com/aida-public/AB6AXuAMYKBjYQhfEPiX1rrzGJqP-bZ3N-za3aIYrq4ZJ7iHUOBBELUJUpvBk3Ms1bHaAXBuEZwTIczKGpjLz2AbAXSyAma0h_FRPa4MA_RgE9EO-SCavieX4XPDLcnuloZs8tAGD5FGHlcBtSszlVWYz-FA-hca0gi-xkAC4k_vrZmULdCAPQNXUhSbE3wrhj8_XgthXU6Aso4ltg4ME3nEgOsgEaBDUB6hKvQ_Ere_31vsZ98zkTq0zGrgjNqUJHCDPBUQPmqG9Q702KKw
20000000-0000-4000-8000-000000000051,FW-002,FW-002-41,41,Cedar,6,495,https://lh3.googleusercontent.com/aida-public/AB6AXuD5KVhgLop51bisay_zrsW8YVtKdD2et-udRx64dbQtp0xYp4CE38R94dLqJO460aolSqy9UdPhfvdjSyjzz7Bbh4MOeBkHbehqlMCTvPNv4PLXn3wFu6XqNIM_5UyUXX71NRni2ntQt4twbRrDvUPUi5cDXb-939ibHoOeSHMsDghYNOy7kZp5gd14kjIf6WUveYq0O9RFsuf5oY9RK1U9jhhlcJ_HJPXAwSBdNK2y67FH0n0MdcVNPoEwpIxvSAkUOZdh9YgdL7FA
20000000-0000-4000-8000-000000000052,FW-002,FW-002-42,42,Cedar,5,495,https://lh3.googleusercontent.com/aida-public/AB6AXuD5KVhgLop51bisay_zrsW8YVtKdD2et-udRx64dbQtp0xYp4CE38R94dLqJO460aolSqy9UdPhfvdjSyjzz7Bbh4MOeBkHbehqlMCTvPNv4PLXn3wFu6XqNIM_5UyUXX71NRni2ntQt4twbRrDvUPUi5cDXb-939ibHoOeSHMsDghYNOy7kZp5gd14kjIf6WUveYq0O9RFsuf5oY9RK1U9jhhlcJ_HJPXAwSBdNK2y67FH0n0MdcVNPoEwpIxvSAkUOZdh9YgdL7FA
20000000-0000-4000-8000-000000000053,FW-003,FW-003-40,40,Black,6,420,https://lh3.googleusercontent.com/aida-public/AB6AXuAAhJretAaN4nn0hwa-S3geRVjspqi5Iysp4o9wJ6Umsp05BfiGqmXjoyIkxI-iO9bJQHh6aFW1ByRoH4hP6tAQ1ifpRkG88XfFjHc7Tu8bEt310kgkBdS8l4wXyGN477geZFXoBXA7tpLWEx-ySFm69csgvDnFB-DbTmu1Va59aScYOFNkVt4WimRi19ZpDNf2YvhkDC8ETmf7ZpivWgg0fG1e-5cX386ZaOUDjcQ35GqrXeknlGJ-ig73LknVdiR_VbQ_rfBrjtto
20000000-0000-4000-8000-000000000054,FW-003,FW-003-41,41,Black,6,420,https://lh3.googleusercontent.com/aida-public/AB6AXuAAhJretAaN4nn0hwa-S3geRVjspqi5Iysp4o9wJ6Umsp05BfiGqmXjoyIkxI-iO9bJQHh6aFW1ByRoH4hP6tAQ1ifpRkG88XfFjHc7Tu8bEt310kgkBdS8l4wXyGN477geZFXoBXA7tpLWEx-ySFm69csgvDnFB-DbTmu1Va59aScYOFNkVt4WimRi19ZpDNf2YvhkDC8ETmf7ZpivWgg0fG1e-5cX386ZaOUDjcQ35GqrXeknlGJ-ig73LknVdiR_VbQ_rfBrjtto
20000000-0000-4000-8000-000000000055,FW-004,FW-004-42,42,Tobacco,5,560,https://lh3.googleusercontent.com/aida-public/AB6AXuD4G3y0ZNdrqZS0ATojfSYa5t42Vrrx476FUX5qzvdCm_CCtF0C5yrINsDw4_G71jrBcMmaoueccHcMXO1xws91KQPeOyvLKzB9nAJZ70r7sO7YUn_u5DMqM93aUESLHoGVqBzejgzYA6j31SfDmrQl3IeBeL-xTBwhgq4AG_zSgROd0lwpbM9okRm26Hm2PbSk7bsL6aFYLo561VTjxiVDA_m28FuAt2wvBZpwLQNP23z7cESJyuNoMgdIyfHRBsZerL9BQbZ5D2p1
20000000-0000-4000-8000-000000000056,FW-004,FW-004-43,43,Tobacco,4,560,https://lh3.googleusercontent.com/aida-public/AB6AXuD4G3y0ZNdrqZS0ATojfSYa5t42Vrrx476FUX5qzvdCm_CCtF0C5yrINsDw4_G71jrBcMmaoueccHcMXO1xws91KQPeOyvLKzB9nAJZ70r7sO7YUn_u5DMqM93aUESLHoGVqBzejgzYA6j31SfDmrQl3IeBeL-xTBwhgq4AG_zSgROd0lwpbM9okRm26Hm2PbSk7bsL6aFYLo561VTjxiVDA_m28FuAt2wvBZpwLQNP23z7cESJyuNoMgdIyfHRBsZerL9BQbZ5D2p1
20000000-0000-4000-8000-000000000057,FW-005,FW-005-42,42,Walnut,4,610,https://lh3.googleusercontent.com/aida-public/AB6AXuAMYKBjYQhfEPiX1rrzGJqP-bZ3N-za3aIYrq4ZJ7iHUOBBELUJUpvBk3Ms1bHaAXBuEZwTIczKGpjLz2AbAXSyAma0h_FRPa4MA_RgE9EO-SCavieX4XPDLcnuloZs8tAGD5FGHlcBtSszlVWYz-FA-hca0gi-xkAC4k_vrZmULdCAPQNXUhSbE3wrhj8_XgthXU6Aso4ltg4ME3nEgOsgEaBDUB6hKvQ_Ere_31vsZ98zkTq0zGrgjNqUJHCDPBUQPmqG9Q702KKw
20000000-0000-4000-8000-000000000058,FW-005,FW-005-43,43,Walnut,4,610,https://lh3.googleusercontent.com/aida-public/AB6AXuAMYKBjYQhfEPiX1rrzGJqP-bZ3N-za3aIYrq4ZJ7iHUOBBELUJUpvBk3Ms1bHaAXBuEZwTIczKGpjLz2AbAXSyAma0h_FRPa4MA_RgE9EO-SCavieX4XPDLcnuloZs8tAGD5FGHlcBtSszlVWYz-FA-hca0gi-xkAC4k_vrZmULdCAPQNXUhSbE3wrhj8_XgthXU6Aso4ltg4ME3nEgOsgEaBDUB6hKvQ_Ere_31vsZ98zkTq0zGrgjNqUJHCDPBUQPmqG9Q702KKw
20000000-0000-4000-8000-000000000059,FW-006,FW-006-40,40,Espresso,5,450,https://lh3.googleusercontent.com/aida-public/AB6AXuD5KVhgLop51bisay_zrsW8YVtKdD2et-udRx64dbQtp0xYp4CE38R94dLqJO460aolSqy9UdPhfvdjSyjzz7Bbh4MOeBkHbehqlMCTvPNv4PLXn3wFu6XqNIM_5UyUXX71NRni2ntQt4twbRrDvUPUi5cDXb-939ibHoOeSHMsDghYNOy7kZp5gd14kjIf6WUveYq0O9RFsuf5oY9RK1U9jhhlcJ_HJPXAwSBdNK2y67FH0n0MdcVNPoEwpIxvSAkUOZdh9YgdL7FA
20000000-0000-4000-8000-000000000060,FW-006,FW-006-41,41,Espresso,5,450,https://lh3.googleusercontent.com/aida-public/AB6AXuD5KVhgLop51bisay_zrsW8YVtKdD2et-udRx64dbQtp0xYp4CE38R94dLqJO460aolSqy9UdPhfvdjSyjzz7Bbh4MOeBkHbehqlMCTvPNv4PLXn3wFu6XqNIM_5UyUXX71NRni2ntQt4twbRrDvUPUi5cDXb-939ibHoOeSHMsDghYNOy7kZp5gd14kjIf6WUveYq0O9RFsuf5oY9RK1U9jhhlcJ_HJPXAwSBdNK2y67FH0n0MdcVNPoEwpIxvSAkUOZdh9YgdL7FA
20000000-0000-4000-8000-000000000061,FW-007,FW-007-41,41,Slate,5,470,https://lh3.googleusercontent.com/aida-public/AB6AXuAAhJretAaN4nn0hwa-S3geRVjspqi5Iysp4o9wJ6Umsp05BfiGqmXjoyIkxI-iO9bJQHh6aFW1ByRoH4hP6tAQ1ifpRkG88XfFjHc7Tu8bEt310kgkBdS8l4wXyGN477geZFXoBXA7tpLWEx-ySFm69csgvDnFB-DbTmu1Va59aScYOFNkVt4WimRi19ZpDNf2YvhkDC8ETmf7ZpivWgg0fG1e-5cX386ZaOUDjcQ35GqrXeknlGJ-ig73LknVdiR_VbQ_rfBrjtto
20000000-0000-4000-8000-000000000062,FW-007,FW-007-42,42,Slate,5,470,https://lh3.googleusercontent.com/aida-public/AB6AXuAAhJretAaN4nn0hwa-S3geRVjspqi5Iysp4o9wJ6Umsp05BfiGqmXjoyIkxI-iO9bJQHh6aFW1ByRoH4hP6tAQ1ifpRkG88XfFjHc7Tu8bEt310kgkBdS8l4wXyGN477geZFXoBXA7tpLWEx-ySFm69csgvDnFB-DbTmu1Va59aScYOFNkVt4WimRi19ZpDNf2YvhkDC8ETmf7ZpivWgg0fG1e-5cX386ZaOUDjcQ35GqrXeknlGJ-ig73LknVdiR_VbQ_rfBrjtto
20000000-0000-4000-8000-000000000063,FW-008,FW-008-40,40,Bone,8,360,https://lh3.googleusercontent.com/aida-public/AB6AXuD4G3y0ZNdrqZS0ATojfSYa5t42Vrrx476FUX5qzvdCm_CCtF0C5yrINsDw4_G71jrBcMmaoueccHcMXO1xws91KQPeOyvLKzB9nAJZ70r7sO7YUn_u5DMqM93aUESLHoGVqBzejgzYA6j31SfDmrQl3IeBeL-xTBwhgq4AG_zSgROd0lwpbM9okRm26Hm2PbSk7bsL6aFYLo561VTjxiVDA_m28FuAt2wvBZpwLQNP23z7cESJyuNoMgdIyfHRBsZerL9BQbZ5D2p1
20000000-0000-4000-8000-000000000064,FW-008,FW-008-41,41,Bone,8,360,https://lh3.googleusercontent.com/aida-public/AB6AXuD4G3y0ZNdrqZS0ATojfSYa5t42Vrrx476FUX5qzvdCm_CCtF0C5yrINsDw4_G71jrBcMmaoueccHcMXO1xws91KQPeOyvLKzB9nAJZ70r7sO7YUn_u5DMqM93aUESLHoGVqBzejgzYA6j31SfDmrQl3IeBeL-xTBwhgq4AG_zSgROd0lwpbM9okRm26Hm2PbSk7bsL6aFYLo561VTjxiVDA_m28FuAt2wvBZpwLQNP23z7cESJyuNoMgdIyfHRBsZerL9BQbZ5D2p1
20000000-0000-4000-8000-000000000065,FW-009,FW-009-41,41,Mahogany,4,530,https://lh3.googleusercontent.com/aida-public/AB6AXuAMYKBjYQhfEPiX1rrzGJqP-bZ3N-za3aIYrq4ZJ7iHUOBBELUJUpvBk3Ms1bHaAXBuEZwTIczKGpjLz2AbAXSyAma0h_FRPa4MA_RgE9EO-SCavieX4XPDLcnuloZs8tAGD5FGHlcBtSszlVWYz-FA-hca0gi-xkAC4k_vrZmULdCAPQNXUhSbE3wrhj8_XgthXU6Aso4ltg4ME3nEgOsgEaBDUB6hKvQ_Ere_31vsZ98zkTq0zGrgjNqUJHCDPBUQPmqG9Q702KKw
20000000-0000-4000-8000-000000000066,FW-009,FW-009-42,42,Mahogany,3,530,https://lh3.googleusercontent.com/aida-public/AB6AXuAMYKBjYQhfEPiX1rrzGJqP-bZ3N-za3aIYrq4ZJ7iHUOBBELUJUpvBk3Ms1bHaAXBuEZwTIczKGpjLz2AbAXSyAma0h_FRPa4MA_RgE9EO-SCavieX4XPDLcnuloZs8tAGD5FGHlcBtSszlVWYz-FA-hca0gi-xkAC4k_vrZmULdCAPQNXUhSbE3wrhj8_XgthXU6Aso4ltg4ME3nEgOsgEaBDUB6hKvQ_Ere_31vsZ98zkTq0zGrgjNqUJHCDPBUQPmqG9Q702KKw
20000000-0000-4000-8000-000000000067,FW-010,FW-010-40,40,Taupe,6,390,https://lh3.googleusercontent.com/aida-public/AB6AXuD5KVhgLop51bisay_zrsW8YVtKdD2et-udRx64dbQtp0xYp4CE38R94dLqJO460aolSqy9UdPhfvdjSyjzz7Bbh4MOeBkHbehqlMCTvPNv4PLXn3wFu6XqNIM_5UyUXX71NRni2ntQt4twbRrDvUPUi5cDXb-939ibHoOeSHMsDghYNOy7kZp5gd14kjIf6WUveYq0O9RFsuf5oY9RK1U9jhhlcJ_HJPXAwSBdNK2y67FH0n0MdcVNPoEwpIxvSAkUOZdh9YgdL7FA
20000000-0000-4000-8000-000000000068,FW-010,FW-010-41,41,Taupe,6,390,https://lh3.googleusercontent.com/aida-public/AB6AXuD5KVhgLop51bisay_zrsW8YVtKdD2et-udRx64dbQtp0xYp4CE38R94dLqJO460aolSqy9UdPhfvdjSyjzz7Bbh4MOeBkHbehqlMCTvPNv4PLXn3wFu6XqNIM_5UyUXX71NRni2ntQt4twbRrDvUPUi5cDXb-939ibHoOeSHMsDghYNOy7kZp5gd14kjIf6WUveYq0O9RFsuf5oY9RK1U9jhhlcJ_HJPXAwSBdNK2y67FH0n0MdcVNPoEwpIxvSAkUOZdh9YgdL7FA
20000000-0000-4000-8000-000000000069,FW-011,FW-011-39,39,Sand,7,310,https://lh3.googleusercontent.com/aida-public/AB6AXuAAhJretAaN4nn0hwa-S3geRVjspqi5Iysp4o9wJ6Umsp05BfiGqmXjoyIkxI-iO9bJQHh6aFW1ByRoH4hP6tAQ1ifpRkG88XfFjHc7Tu8bEt310kgkBdS8l4wXyGN477geZFXoBXA7tpLWEx-ySFm69csgvDnFB-DbTmu1Va59aScYOFNkVt4WimRi19ZpDNf2YvhkDC8ETmf7ZpivWgg0fG1e-5cX386ZaOUDjcQ35GqrXeknlGJ-ig73LknVdiR_VbQ_rfBrjtto
20000000-0000-4000-8000-000000000070,FW-011,FW-011-40,40,Sand,7,310,https://lh3.googleusercontent.com/aida-public/AB6AXuAAhJretAaN4nn0hwa-S3geRVjspqi5Iysp4o9wJ6Umsp05BfiGqmXjoyIkxI-iO9bJQHh6aFW1ByRoH4hP6tAQ1ifpRkG88XfFjHc7Tu8bEt310kgkBdS8l4wXyGN477geZFXoBXA7tpLWEx-ySFm69csgvDnFB-DbTmu1Va59aScYOFNkVt4WimRi19ZpDNf2YvhkDC8ETmf7ZpivWgg0fG1e-5cX386ZaOUDjcQ35GqrXeknlGJ-ig73LknVdiR_VbQ_rfBrjtto
20000000-0000-4000-8000-000000000071,FW-012,FW-012-42,42,Iron,4,580,https://lh3.googleusercontent.com/aida-public/AB6AXuD4G3y0ZNdrqZS0ATojfSYa5t42Vrrx476FUX5qzvdCm_CCtF0C5yrINsDw4_G71jrBcMmaoueccHcMXO1xws91KQPeOyvLKzB9nAJZ70r7sO7YUn_u5DMqM93aUESLHoGVqBzejgzYA6j31SfDmrQl3IeBeL-xTBwhgq4AG_zSgROd0lwpbM9okRm26Hm2PbSk7bsL6aFYLo561VTjxiVDA_m28FuAt2wvBZpwLQNP23z7cESJyuNoMgdIyfHRBsZerL9BQbZ5D2p1
20000000-0000-4000-8000-000000000072,FW-012,FW-012-43,43,Iron,4,580,https://lh3.googleusercontent.com/aida-public/AB6AXuD4G3y0ZNdrqZS0ATojfSYa5t42Vrrx476FUX5qzvdCm_CCtF0C5yrINsDw4_G71jrBcMmaoueccHcMXO1xws91KQPeOyvLKzB9nAJZ70r7sO7YUn_u5DMqM93aUESLHoGVqBzejgzYA6j31SfDmrQl3IeBeL-xTBwhgq4AG_zSgROd0lwpbM9okRm26Hm2PbSk7bsL6aFYLo561VTjxiVDA_m28FuAt2wvBZpwLQNP23z7cESJyuNoMgdIyfHRBsZerL9BQbZ5D2p1
20000000-0000-4000-8000-000000000073,AC-001,AC-001-OS,OS,Forest,9,840,https://lh3.googleusercontent.com/aida-public/AB6AXuBBESdqWOWSR5qEzSZhDSiYksfl92Z2-nXfieKv7zls3FB-7JuZVx-N6rXRCgkpMkJyxFCIzvAJAfUETLq2m7IDhOFmOtlLXZ9qEspJxSM3dIgXBbd3dzVswFhn3Y0MqayyDJYGSylH-MIjZnLLMaswkecd7-JUIltIP_szY3CTjkboRukxyb0Hicjh_fTS7Q8NRXCPfvyi2Gd8UjbveWvWIIUauI-d4h0ra0W790prCr-I9666OBdQ8zWwoQM8OSo6iYMbifIvLw2n
20000000-0000-4000-8000-000000000074,AC-002,AC-002-OS,OS,Sand,18,215,https://lh3.googleusercontent.com/aida-public/AB6AXuCJ_mIoxtuOYX0UmZ6fp1vpG_etnXOkuxN0sOW8aXUVddHj5eDEGxKoK_oij-8jI8EDqrG_IXPuR5HXX_5FgjnVIMXKR3rvffkz_2hI2uHpAzMIbNZASVlBgA47Ecvrg53PTIsx8zim-xN9ZKFMoR3ivhIQDQ1jUJ0fFx2scgrGApYeeDOx-irk-VfW38VMHIZ4QMUtn6sXwUjEJRXtZ8dTLBnKQVPGxBzf7oOFEbYGY_2P__2xLjofQjJvPkwrIzkn9OjMEUgKEC2O
20000000-0000-4000-8000-000000000075,AC-003,AC-003-S,S,Tobacco,10,165,https://lh3.googleusercontent.com/aida-public/AB6AXuDclyoI7lW_Aez2lBayMz4ES5BVdH-wo43IL4ZwpD4HLQkaJqfV3eDM-qMUs4V8Uyl6BTZ9FSNg7ExFisE6J-TMxcflCy5mFritcP54bDT49eqwGnwGnsOeheOgbCmpdtfGvnHaqpfmRpU4zQvBD7B4tmigGgv7hCDEHWLojIzOlAfe5p-0cCnzLjktClPIw5lG6h2qfT0buVNcsY57FFriSrjdMpV_jPcwn3Dwsz1C-8IS20dhOYE1-Kak6Hi0R-OiEeULdIqMBj2c
20000000-0000-4000-8000-000000000076,AC-003,AC-003-M,M,Tobacco,10,165,https://lh3.googleusercontent.com/aida-public/AB6AXuDclyoI7lW_Aez2lBayMz4ES5BVdH-wo43IL4ZwpD4HLQkaJqfV3eDM-qMUs4V8Uyl6BTZ9FSNg7ExFisE6J-TMxcflCy5mFritcP54bDT49eqwGnwGnsOeheOgbCmpdtfGvnHaqpfmRpU4zQvBD7B4tmigGgv7hCDEHWLojIzOlAfe5p-0cCnzLjktClPIw5lG6h2qfT0buVNcsY57FFriSrjdMpV_jPcwn3Dwsz1C-8IS20dhOYE1-Kak6Hi0R-OiEeULdIqMBj2c
20000000-0000-4000-8000-000000000077,AC-004,AC-004-OS,OS,Cognac,10,420,https://lh3.googleusercontent.com/aida-public/AB6AXuAc-xgefZmjRHW4tYawNPs3ljWfgQ66YMBuFgX39XflOo-rQyjbJ2Ju2V0nLkyj2SVuz2BKsp1ucM74P4Gg2Q-TiJKsqrjsQRpxYORvaVExN0KFMkAU9KQFmWEmtNZHK5dm7iBBb1zYMTsluHO4Em5IwIi3lS3JGSUeU_unqmYgh-Fw65tcUaH2Ywxl8ag7h1znu1rGefQrkuDTARLHNwtQdpiGPKWCCp8JpO_yLO4kKGzLmwj8g3VfRzxs02GzkmBt2St6l1zyFYZU
20000000-0000-4000-8000-000000000078,AC-005,AC-005-M,M,Silver,6,310,https://lh3.googleusercontent.com/aida-public/AB6AXuDwib-yVKWuTMsi4heheiLMLuw3Aukcrj4t8F5TLsWcUDULrkliTF_b5hFcyekqcaoBOrRCOob6yU3tV5aJCQChHBAggBedojt1THWZ_F-1GiBclBPJw389BrO0MvSA5xrOo1ssievm9rXO2UiIT0Ix_tHvr6rnGAPSAVNt1DYmLJVg_7vuvdan2zI6d3Z7JsuFwAqcipqjdi0FbCpFwqD4d7bZrq5JeL4i4aGx5NsOkOBZScx3UPHkR_rmJldHJi3Cb4MoiZaIoNsN
20000000-0000-4000-8000-000000000079,AC-005,AC-005-L,L,Silver,6,310,https://lh3.googleusercontent.com/aida-public/AB6AXuDwib-yVKWuTMsi4heheiLMLuw3Aukcrj4t8F5TLsWcUDULrkliTF_b5hFcyekqcaoBOrRCOob6yU3tV5aJCQChHBAggBedojt1THWZ_F-1GiBclBPJw389BrO0MvSA5xrOo1ssievm9rXO2UiIT0Ix_tHvr6rnGAPSAVNt1DYmLJVg_7vuvdan2zI6d3Z7JsuFwAqcipqjdi0FbCpFwqD4d7bZrq5JeL4i4aGx5NsOkOBZScx3UPHkR_rmJldHJi3Cb4MoiZaIoNsN
20000000-0000-4000-8000-000000000080,AC-006,AC-006-OS,OS,Mist,16,190,https://lh3.googleusercontent.com/aida-public/AB6AXuBBESdqWOWSR5qEzSZhDSiYksfl92Z2-nXfieKv7zls3FB-7JuZVx-N6rXRCgkpMkJyxFCIzvAJAfUETLq2m7IDhOFmOtlLXZ9qEspJxSM3dIgXBbd3dzVswFhn3Y0MqayyDJYGSylH-MIjZnLLMaswkecd7-JUIltIP_szY3CTjkboRukxyb0Hicjh_fTS7Q8NRXCPfvyi2Gd8UjbveWvWIIUauI-d4h0ra0W790prCr-I9666OBdQ8zWwoQM8OSo6iYMbifIvLw2n
20000000-0000-4000-8000-000000000081,AC-007,AC-007-OS,OS,Espresso,7,980,https://lh3.googleusercontent.com/aida-public/AB6AXuCJ_mIoxtuOYX0UmZ6fp1vpG_etnXOkuxN0sOW8aXUVddHj5eDEGxKoK_oij-8jI8EDqrG_IXPuR5HXX_5FgjnVIMXKR3rvffkz_2hI2uHpAzMIbNZASVlBgA47Ecvrg53PTIsx8zim-xN9ZKFMoR3ivhIQDQ1jUJ0fFx2scgrGApYeeDOx-irk-VfW38VMHIZ4QMUtn6sXwUjEJRXtZ8dTLBnKQVPGxBzf7oOFEbYGY_2P__2xLjofQjJvPkwrIzkn9OjMEUgKEC2O
20000000-0000-4000-8000-000000000082,AC-008,AC-008-OS,OS,Black,15,145,https://lh3.googleusercontent.com/aida-public/AB6AXuDclyoI7lW_Aez2lBayMz4ES5BVdH-wo43IL4ZwpD4HLQkaJqfV3eDM-qMUs4V8Uyl6BTZ9FSNg7ExFisE6J-TMxcflCy5mFritcP54bDT49eqwGnwGnsOeheOgbCmpdtfGvnHaqpfmRpU4zQvBD7B4tmigGgv7hCDEHWLojIzOlAfe5p-0cCnzLjktClPIw5lG6h2qfT0buVNcsY57FFriSrjdMpV_jPcwn3Dwsz1C-8IS20dhOYE1-Kak6Hi0R-OiEeULdIqMBj2c
20000000-0000-4000-8000-000000000083,AC-009,AC-009-OS,OS,Tan,14,110,https://lh3.googleusercontent.com/aida-public/AB6AXuAc-xgefZmjRHW4tYawNPs3ljWfgQ66YMBuFgX39XflOo-rQyjbJ2Ju2V0nLkyj2SVuz2BKsp1ucM74P4Gg2Q-TiJKsqrjsQRpxYORvaVExN0KFMkAU9KQFmWEmtNZHK5dm7iBBb1zYMTsluHO4Em5IwIi3lS3JGSUeU_unqmYgh-Fw65tcUaH2Ywxl8ag7h1znu1rGefQrkuDTARLHNwtQdpiGPKWCCp8JpO_yLO4kKGzLmwj8g3VfRzxs02GzkmBt2St6l1zyFYZU
20000000-0000-4000-8000-000000000084,AC-010,AC-010-OS,OS,Pearl,17,175,https://lh3.googleusercontent.com/aida-public/AB6AXuDwib-yVKWuTMsi4heheiLMLuw3Aukcrj4t8F5TLsWcUDULrkliTF_b5hFcyekqcaoBOrRCOob6yU3tV5aJCQChHBAggBedojt1THWZ_F-1GiBclBPJw389BrO0MvSA5xrOo1ssievm9rXO2UiIT0Ix_tHvr6rnGAPSAVNt1DYmLJVg_7vuvdan2zI6d3Z7JsuFwAqcipqjdi0FbCpFwqD4d7bZrq5JeL4i4aGx5NsOkOBZScx3UPHkR_rmJldHJi3Cb4MoiZaIoNsN
20000000-0000-4000-8000-000000000085,AC-011,AC-011-M,M,Silver,6,265,https://lh3.googleusercontent.com/aida-public/AB6AXuBBESdqWOWSR5qEzSZhDSiYksfl92Z2-nXfieKv7zls3FB-7JuZVx-N6rXRCgkpMkJyxFCIzvAJAfUETLq2m7IDhOFmOtlLXZ9qEspJxSM3dIgXBbd3dzVswFhn3Y0MqayyDJYGSylH-MIjZnLLMaswkecd7-JUIltIP_szY3CTjkboRukxyb0Hicjh_fTS7Q8NRXCPfvyi2Gd8UjbveWvWIIUauI-d4h0ra0W790prCr-I9666OBdQ8zWwoQM8OSo6iYMbifIvLw2n
20000000-0000-4000-8000-000000000086,AC-011,AC-011-L,L,Silver,5,265,https://lh3.googleusercontent.com/aida-public/AB6AXuBBESdqWOWSR5qEzSZhDSiYksfl92Z2-nXfieKv7zls3FB-7JuZVx-N6rXRCgkpMkJyxFCIzvAJAfUETLq2m7IDhOFmOtlLXZ9qEspJxSM3dIgXBbd3dzVswFhn3Y0MqayyDJYGSylH-MIjZnLLMaswkecd7-JUIltIP_szY3CTjkboRukxyb0Hicjh_fTS7Q8NRXCPfvyi2Gd8UjbveWvWIIUauI-d4h0ra0W790prCr-I9666OBdQ8zWwoQM8OSo6iYMbifIvLw2n
20000000-0000-4000-8000-000000000087,AC-012,AC-012-OS,OS,Taupe,9,390,https://lh3.googleusercontent.com/aida-public/AB6AXuCJ_mIoxtuOYX0UmZ6fp1vpG_etnXOkuxN0sOW8aXUVddHj5eDEGxKoK_oij-8jI8EDqrG_IXPuR5HXX_5FgjnVIMXKR3rvffkz_2hI2uHpAzMIbNZASVlBgA47Ecvrg53PTIsx8zim-xN9ZKFMoR3ivhIQDQ1jUJ0fFx2scgrGApYeeDOx-irk-VfW38VMHIZ4QMUtn6sXwUjEJRXtZ8dTLBnKQVPGxBzf7oOFEbYGY_2P__2xLjofQjJvPkwrIzkn9OjMEUgKEC2O
